feed_id,trip_uid,source_trip_id,stop_uid,source_stop_id,arrival_time,departure_time,stop_sequence,pickup_type,drop_off_type,note_id
hartford,hartford:1020,1020,hartford:1,1,19:00:00,19:00:00,1,0,0,
hartford,hartford:1020,1020,hartford:2,2,19:03:00,19:03:00,2,0,0,
hartford,hartford:1020,1020,hartford:3,3,19:21:00,19:21:00,3,0,0,
hartford,hartford:1020,1020,hartford:4,4,19:32:00,19:32:00,4,0,0,
hartford,hartford:1020,1020,hartford:5,5,19:41:00,19:41:00,5,0,0,
hartford,hartford:1020,1020,hartford:6,6,19:54:00,19:54:00,6,0,0,
hartford,hartford:1020,1020,hartford:7,7,20:02:00,20:02:00,7,0,0,
hartford,hartford:1020,1020,hartford:8,8,20:11:00,20:11:00,8,0,0,
hartford,hartford:1020,1020,hartford:9,9,20:36:00,20:36:00,9,0,0,
hartford,hartford:2010,2010,hartford:1,1,12:30:00,12:30:00,1,0,0,
hartford,hartford:2010,2010,hartford:2,2,12:33:00,12:33:00,2,0,0,
hartford,hartford:2010,2010,hartford:3,3,12:48:00,12:48:00,3,0,0,
hartford,hartford:2010,2010,hartford:4,4,12:57:00,12:57:00,4,0,0,
hartford,hartford:2010,2010,hartford:5,5,13:06:00,13:06:00,5,0,0,
hartford,hartford:2010,2010,hartford:6,6,13:19:00,13:19:00,6,0,0,
hartford,hartford:2010,2010,hartford:7,7,13:27:00,13:27:00,7,0,0,
hartford,hartford:2010,2010,hartford:8,8,13:36:00,13:36:00,8,0,0,
hartford,hartford:2010,2010,hartford:9,9,14:04:00,14:04:00,9,0,0,
hartford,hartford:3020,3020,hartford:1,1,05:18:00,05:18:00,1,0,0,
hartford,hartford:3020,3020,hartford:2,2,05:20:00,05:20:00,2,0,0,
hartford,hartford:3020,3020,hartford:3,3,05:36:00,05:36:00,3,0,0,
hartford,hartford:3020,3020,hartford:4,4,05:45:00,05:45:00,4,0,0,
hartford,hartford:3020,3020,hartford:5,5,05:54:00,05:54:00,5,0,0,
hartford,hartford:3020,3020,hartford:6,6,06:10:00,06:10:00,6,0,0,
hartford,hartford:4020,4020,hartford:6,6,08:44:00,08:44:00,1,0,0,
hartford,hartford:4020,4020,hartford:5,5,08:56:00,08:56:00,2,0,0,
hartford,hartford:4020,4020,hartford:4,4,09:05:00,09:05:00,3,0,0,
hartford,hartford:4020,4020,hartford:3,3,09:14:00,09:14:00,4,0,0,
hartford,hartford:4020,4020,hartford:2,2,09:30:00,09:30:00,5,0,0,
hartford,hartford:4020,4020,hartford:1,1,09:36:00,09:36:00,6,0,0,
hartford,hartford:5010,5010,hartford:1,1,19:30:00,19:30:00,1,0,0,
hartford,hartford:5010,5010,hartford:2,2,19:33:00,19:33:00,2,0,0,
hartford,hartford:5010,5010,hartford:3,3,19:48:00,19:48:00,3,0,0,
hartford,hartford:5010,5010,hartford:4,4,19:57:00,19:57:00,4,0,0,
hartford,hartford:5010,5010,hartford:5,5,20:06:00,20:06:00,5,0,0,
hartford,hartford:5010,5010,hartford:6,6,20:21:00,20:21:00,6,0,0,
hartford,hartford:5010,5010,hartford:7,7,20:29:00,20:29:00,7,0,0,
hartford,hartford:5010,5010,hartford:8,8,20:35:00,20:35:00,8,0,0,
hartford,hartford:5010,5010,hartford:9,9,21:03:00,21:03:00,9,0,0,
hartford,hartford:6010,6010,hartford:9,9,14:20:00,14:20:00,1,0,0,
hartford,hartford:6010,6010,hartford:8,8,14:41:00,14:41:00,2,0,0,
hartford,hartford:6010,6010,hartford:7,7,14:48:00,14:48:00,3,0,0,
hartford,hartford:6010,6010,hartford:6,6,14:59:00,14:59:00,4,0,0,
hartford,hartford:6010,6010,hartford:5,5,15:11:00,15:11:00,5,0,0,
hartford,hartford:6010,6010,hartford:4,4,15:20:00,15:20:00,6,0,0,
hartford,hartford:6010,6010,hartford:3,3,15:29:00,15:29:00,7,0,0,
hartford,hartford:6010,6010,hartford:2,2,15:45:00,15:45:00,8,0,0,
hartford,hartford:6010,6010,hartford:1,1,15:52:00,15:52:00,9,0,0,
hartford,hartford:7020,7020,hartford:1,1,14:15:00,14:15:00,1,0,0,
hartford,hartford:7020,7020,hartford:2,2,14:18:00,14:18:00,2,0,0,
hartford,hartford:7020,7020,hartford:3,3,14:33:00,14:33:00,3,0,0,
hartford,hartford:7020,7020,hartford:4,4,14:42:00,14:42:00,4,0,0,
hartford,hartford:7020,7020,hartford:5,5,14:51:00,14:51:00,5,0,0,
hartford,hartford:7020,7020,hartford:6,6,15:07:00,15:07:00,6,0,0,
hartford,hartford:8020,8020,hartford:9,9,13:13:00,13:13:00,1,0,0,
hartford,hartford:8020,8020,hartford:8,8,13:33:00,13:33:00,2,0,0,
hartford,hartford:8020,8020,hartford:7,7,13:43:00,13:43:00,3,0,0,
hartford,hartford:8020,8020,hartford:6,6,13:58:00,13:58:00,4,0,0,
hartford,hartford:9020,9020,hartford:9,9,10:55:00,10:55:00,1,0,0,
hartford,hartford:9020,9020,hartford:8,8,11:15:00,11:15:00,2,0,0,
hartford,hartford:9020,9020,hartford:7,7,11:25:00,11:25:00,3,0,0,
hartford,hartford:9020,9020,hartford:6,6,11:40:00,11:40:00,4,0,0,
hartford,hartford:10020,10020,hartford:6,6,09:20:00,09:20:00,1,0,0,
hartford,hartford:10020,10020,hartford:7,7,09:35:00,09:35:00,2,0,0,
hartford,hartford:10020,10020,hartford:8,8,09:45:00,09:45:00,3,0,0,
hartford,hartford:10020,10020,hartford:9,9,10:05:00,10:05:00,4,0,0,
hartford,hartford:11010,11010,hartford:9,9,21:45:00,21:45:00,1,0,0,
hartford,hartford:11010,11010,hartford:8,8,22:06:00,22:06:00,2,0,0,
hartford,hartford:11010,11010,hartford:7,7,22:13:00,22:13:00,3,0,0,
hartford,hartford:11010,11010,hartford:6,6,22:24:00,22:24:00,4,0,0,
hartford,hartford:11010,11010,hartford:5,5,22:36:00,22:36:00,5,0,0,
hartford,hartford:11010,11010,hartford:4,4,22:45:00,22:45:00,6,0,0,
hartford,hartford:11010,11010,hartford:3,3,22:54:00,22:54:00,7,0,0,
hartford,hartford:11010,11010,hartford:2,2,23:10:00,23:10:00,8,0,0,
hartford,hartford:11010,11010,hartford:1,1,23:18:00,23:18:00,9,0,0,
hartford,hartford:12020,12020,hartford:1,1,16:47:00,16:47:00,1,0,0,
hartford,hartford:12020,12020,hartford:2,2,16:50:00,16:50:00,2,0,0,
hartford,hartford:12020,12020,hartford:3,3,17:05:00,17:05:00,3,0,0,
hartford,hartford:12020,12020,hartford:4,4,17:14:00,17:14:00,4,0,0,
hartford,hartford:12020,12020,hartford:5,5,17:23:00,17:23:00,5,0,0,
hartford,hartford:12020,12020,hartford:6,6,17:39:00,17:39:00,6,0,0,
hartford,hartford:13010,13010,hartford:1,1,14:25:00,14:25:00,1,0,0,
hartford,hartford:13010,13010,hartford:2,2,14:28:00,14:28:00,2,0,0,
hartford,hartford:13010,13010,hartford:3,3,14:43:00,14:43:00,3,0,0,
hartford,hartford:13010,13010,hartford:4,4,14:52:00,14:52:00,4,0,0,
hartford,hartford:13010,13010,hartford:5,5,15:01:00,15:01:00,5,0,0,
hartford,hartford:13010,13010,hartford:6,6,15:13:00,15:13:00,6,0,0,
hartford,hartford:14020,14020,hartford:1,1,17:30:00,17:30:00,1,0,0,
hartford,hartford:14020,14020,hartford:2,2,17:33:00,17:33:00,2,0,0,
hartford,hartford:14020,14020,hartford:3,3,17:50:00,17:50:00,3,0,0,
hartford,hartford:14020,14020,hartford:4,4,18:01:00,18:01:00,4,0,0,
hartford,hartford:14020,14020,hartford:5,5,18:10:00,18:10:00,5,0,0,
hartford,hartford:14020,14020,hartford:6,6,18:25:00,18:25:00,6,0,0,
hartford,hartford:14020,14020,hartford:7,7,18:33:00,18:33:00,7,0,0,
hartford,hartford:14020,14020,hartford:8,8,18:39:00,18:39:00,8,0,0,
hartford,hartford:14020,14020,hartford:9,9,19:04:00,19:04:00,9,0,0,
hartford,hartford:15010,15010,hartford:1,1,16:00:00,16:00:00,1,0,0,
hartford,hartford:15010,15010,hartford:2,2,16:03:00,16:03:00,2,0,0,
hartford,hartford:15010,15010,hartford:3,3,16:18:00,16:18:00,3,0,0,
hartford,hartford:15010,15010,hartford:4,4,16:27:00,16:27:00,4,0,0,
hartford,hartford:15010,15010,hartford:5,5,16:36:00,16:36:00,5,0,0,
hartford,hartford:15010,15010,hartford:6,6,16:52:00,16:52:00,6,0,0,
hartford,hartford:16020,16020,hartford:9,9,20:47:00,20:47:00,1,0,0,
hartford,hartford:16020,16020,hartford:8,8,21:10:00,21:10:00,2,0,0,
hartford,hartford:16020,16020,hartford:7,7,21:17:00,21:17:00,3,0,0,
hartford,hartford:16020,16020,hartford:6,6,21:26:00,21:26:00,4,0,0,
hartford,hartford:16020,16020,hartford:5,5,21:38:00,21:38:00,5,0,0,
hartford,hartford:16020,16020,hartford:4,4,21:47:00,21:47:00,6,0,0,
hartford,hartford:16020,16020,hartford:3,3,21:56:00,21:56:00,7,0,0,
hartford,hartford:16020,16020,hartford:2,2,22:12:00,22:12:00,8,0,0,
hartford,hartford:16020,16020,hartford:1,1,22:17:00,22:17:00,9,0,0,
hartford,hartford:17020,17020,hartford:6,6,16:08:00,16:08:00,1,0,0,
hartford,hartford:17020,17020,hartford:5,5,16:20:00,16:20:00,2,0,0,
hartford,hartford:17020,17020,hartford:4,4,16:29:00,16:29:00,3,0,0,
hartford,hartford:17020,17020,hartford:3,3,16:38:00,16:38:00,4,0,0,
hartford,hartford:17020,17020,hartford:2,2,16:54:00,16:54:00,5,0,0,
hartford,hartford:17020,17020,hartford:1,1,17:00:00,17:00:00,6,0,0,
hartford,hartford:18010,18010,hartford:1,1,08:10:00,08:10:00,1,0,0,
hartford,hartford:18010,18010,hartford:2,2,08:13:00,08:13:00,2,0,0,
hartford,hartford:18010,18010,hartford:3,3,08:26:00,08:26:00,3,0,0,
hartford,hartford:18010,18010,hartford:4,4,08:33:00,08:33:00,4,0,0,
hartford,hartford:18010,18010,hartford:5,5,08:42:00,08:42:00,5,0,0,
hartford,hartford:18010,18010,hartford:6,6,08:56:00,08:56:00,6,0,0,
hartford,hartford:18010,18010,hartford:7,7,09:05:00,09:05:00,7,0,0,
hartford,hartford:18010,18010,hartford:8,8,09:11:00,09:11:00,8,0,0,
hartford,hartford:18010,18010,hartford:9,9,09:42:00,09:42:00,9,0,0,
hartford,hartford:19020,19020,hartford:1,1,18:17:00,18:17:00,1,0,0,
hartford,hartford:19020,19020,hartford:2,2,18:20:00,18:20:00,2,0,0,
hartford,hartford:19020,19020,hartford:3,3,18:35:00,18:35:00,3,0,0,
hartford,hartford:19020,19020,hartford:4,4,18:44:00,18:44:00,4,0,0,
hartford,hartford:19020,19020,hartford:5,5,18:53:00,18:53:00,5,0,0,
hartford,hartford:19020,19020,hartford:6,6,19:07:00,19:07:00,6,0,0,
hartford,hartford:19020,19020,hartford:7,7,19:15:00,19:15:00,7,0,0,
hartford,hartford:19020,19020,hartford:8,8,19:21:00,19:21:00,8,0,0,
hartford,hartford:19020,19020,hartford:9,9,19:49:00,19:49:00,9,0,0,
hartford,hartford:20020,20020,hartford:1,1,06:35:00,06:35:00,1,0,0,
hartford,hartford:20020,20020,hartford:2,2,06:38:00,06:38:00,2,0,0,
hartford,hartford:20020,20020,hartford:3,3,06:53:00,06:53:00,3,0,0,
hartford,hartford:20020,20020,hartford:4,4,07:02:00,07:02:00,4,0,0,
hartford,hartford:20020,20020,hartford:5,5,07:11:00,07:11:00,5,0,0,
hartford,hartford:20020,20020,hartford:6,6,07:27:00,07:27:00,6,0,0,
hartford,hartford:21020,21020,hartford:1,1,11:35:00,11:35:00,1,0,0,
hartford,hartford:21020,21020,hartford:2,2,11:38:00,11:38:00,2,0,0,
hartford,hartford:21020,21020,hartford:3,3,11:54:00,11:54:00,3,0,0,
hartford,hartford:21020,21020,hartford:4,4,12:04:00,12:04:00,4,0,0,
hartford,hartford:21020,21020,hartford:5,5,12:14:00,12:14:00,5,0,0,
hartford,hartford:21020,21020,hartford:6,6,12:25:00,12:25:00,6,0,0,
hartford,hartford:22020,22020,hartford:6,6,14:28:00,14:28:00,1,0,0,
hartford,hartford:22020,22020,hartford:5,5,14:40:00,14:40:00,2,0,0,
hartford,hartford:22020,22020,hartford:4,4,14:49:00,14:49:00,3,0,0,
hartford,hartford:22020,22020,hartford:3,3,14:58:00,14:58:00,4,0,0,
hartford,hartford:22020,22020,hartford:2,2,15:14:00,15:14:00,5,0,0,
hartford,hartford:22020,22020,hartford:1,1,15:22:00,15:22:00,6,0,0,
hartford,hartford:23010,23010,hartford:6,6,17:54:00,17:54:00,1,0,0,
hartford,hartford:23010,23010,hartford:5,5,18:06:00,18:06:00,2,0,0,
hartford,hartford:23010,23010,hartford:4,4,18:15:00,18:15:00,3,0,0,
hartford,hartford:23010,23010,hartford:3,3,18:24:00,18:24:00,4,0,0,
hartford,hartford:23010,23010,hartford:2,2,18:40:00,18:40:00,5,0,0,
hartford,hartford:23010,23010,hartford:1,1,18:46:00,18:46:00,6,0,0,
hartford,hartford:24020,24020,hartford:9,9,21:30:00,21:30:00,1,0,0,
hartford,hartford:24020,24020,hartford:8,8,21:54:00,21:54:00,2,0,0,
hartford,hartford:24020,24020,hartford:7,7,22:01:00,22:01:00,3,0,0,
hartford,hartford:24020,24020,hartford:6,6,22:10:00,22:10:00,4,0,0,
hartford,hartford:24020,24020,hartford:5,5,22:22:00,22:22:00,5,0,0,
hartford,hartford:24020,24020,hartford:4,4,22:31:00,22:31:00,6,0,0,
hartford,hartford:24020,24020,hartford:3,3,22:40:00,22:40:00,7,0,0,
hartford,hartford:24020,24020,hartford:2,2,22:57:00,22:57:00,8,0,0,
hartford,hartford:24020,24020,hartford:1,1,23:01:00,23:01:00,9,0,0,
hartford,hartford:25020,25020,hartford:6,6,06:45:00,06:45:00,1,0,0,
hartford,hartford:25020,25020,hartford:5,5,06:57:00,06:57:00,2,0,0,
hartford,hartford:25020,25020,hartford:4,4,07:06:00,07:06:00,3,0,0,
hartford,hartford:25020,25020,hartford:3,3,07:15:00,07:15:00,4,0,0,
hartford,hartford:25020,25020,hartford:2,2,07:31:00,07:31:00,5,0,0,
hartford,hartford:25020,25020,hartford:1,1,07:37:00,07:37:00,6,0,0,
hartford,hartford:26020,26020,hartford:6,6,08:45:00,08:45:00,1,0,0,
hartford,hartford:26020,26020,hartford:7,7,09:00:00,09:00:00,2,0,0,
hartford,hartford:26020,26020,hartford:8,8,09:10:00,09:10:00,3,0,0,
hartford,hartford:26020,26020,hartford:9,9,09:30:00,09:30:00,4,0,0,
hartford,hartford:27020,27020,hartford:6,6,10:45:00,10:45:00,1,0,0,
hartford,hartford:27020,27020,hartford:5,5,10:57:00,10:57:00,2,0,0,
hartford,hartford:27020,27020,hartford:4,4,11:06:00,11:06:00,3,0,0,
hartford,hartford:27020,27020,hartford:3,3,11:15:00,11:15:00,4,0,0,
hartford,hartford:27020,27020,hartford:2,2,11:31:00,11:31:00,5,0,0,
hartford,hartford:27020,27020,hartford:1,1,11:39:00,11:39:00,6,0,0,
hartford,hartford:28010,28010,hartford:6,6,16:10:00,16:10:00,1,0,0,
hartford,hartford:28010,28010,hartford:5,5,16:22:00,16:22:00,2,0,0,
hartford,hartford:28010,28010,hartford:4,4,16:31:00,16:31:00,3,0,0,
hartford,hartford:28010,28010,hartford:3,3,16:40:00,16:40:00,4,0,0,
hartford,hartford:28010,28010,hartford:2,2,16:56:00,16:56:00,5,0,0,
hartford,hartford:28010,28010,hartford:1,1,17:02:00,17:02:00,6,0,0,
hartford,hartford:29020,29020,hartford:8,8,06:05:00,06:05:00,1,0,0,
hartford,hartford:29020,29020,hartford:7,7,06:11:00,06:11:00,2,0,0,
hartford,hartford:29020,29020,hartford:6,6,06:21:00,06:21:00,3,0,0,
hartford,hartford:29020,29020,hartford:5,5,06:32:00,06:32:00,4,0,0,
hartford,hartford:29020,29020,hartford:4,4,06:44:00,06:44:00,5,0,0,
hartford,hartford:29020,29020,hartford:3,3,06:53:00,06:53:00,6,0,0,
hartford,hartford:29020,29020,hartford:2,2,07:06:00,07:06:00,7,0,0,
hartford,hartford:29020,29020,hartford:1,1,07:08:00,07:08:00,8,0,0,
hartford,hartford:30020,30020,hartford:1,1,07:40:00,07:40:00,1,0,0,
hartford,hartford:30020,30020,hartford:2,2,07:43:00,07:43:00,2,0,0,
hartford,hartford:30020,30020,hartford:3,3,08:01:00,08:01:00,3,0,0,
hartford,hartford:30020,30020,hartford:4,4,08:13:00,08:13:00,4,0,0,
hartford,hartford:30020,30020,hartford:5,5,08:22:00,08:22:00,5,0,0,
hartford,hartford:30020,30020,hartford:6,6,08:33:00,08:33:00,6,0,0,
hartford,hartford:31020,31020,hartford:9,9,09:50:00,09:50:00,1,0,0,
hartford,hartford:31020,31020,hartford:8,8,10:10:00,10:10:00,2,0,0,
hartford,hartford:31020,31020,hartford:7,7,10:20:00,10:20:00,3,0,0,
hartford,hartford:31020,31020,hartford:6,6,10:35:00,10:35:00,4,0,0,
hartford,hartford:32020,32020,hartford:1,1,08:22:00,08:22:00,1,0,0,
hartford,hartford:32020,32020,hartford:2,2,08:25:00,08:25:00,2,0,0,
hartford,hartford:32020,32020,hartford:3,3,08:41:00,08:41:00,3,0,0,
hartford,hartford:32020,32020,hartford:4,4,08:52:00,08:52:00,4,0,0,
hartford,hartford:32020,32020,hartford:5,5,09:01:00,09:01:00,5,0,0,
hartford,hartford:32020,32020,hartford:6,6,09:12:00,09:12:00,6,0,0,
hartford,hartford:33020,33020,hartford:9,9,22:25:00,22:25:00,1,0,0,
hartford,hartford:33020,33020,hartford:8,8,22:48:00,22:48:00,2,0,0,
hartford,hartford:33020,33020,hartford:7,7,22:55:00,22:55:00,3,0,0,
hartford,hartford:33020,33020,hartford:6,6,23:05:00,23:05:00,4,0,0,
hartford,hartford:33020,33020,hartford:5,5,23:17:00,23:17:00,5,0,0,
hartford,hartford:33020,33020,hartford:4,4,23:26:00,23:26:00,6,0,0,
hartford,hartford:33020,33020,hartford:3,3,23:35:00,23:35:00,7,0,0,
hartford,hartford:33020,33020,hartford:2,2,23:52:00,23:52:00,8,0,0,
hartford,hartford:33020,33020,hartford:1,1,23:59:00,23:59:00,9,0,0,
hartford,hartford:34020,34020,hartford:6,6,11:53:00,11:53:00,1,0,0,
hartford,hartford:34020,34020,hartford:5,5,12:05:00,12:05:00,2,0,0,
hartford,hartford:34020,34020,hartford:4,4,12:14:00,12:14:00,3,0,0,
hartford,hartford:34020,34020,hartford:3,3,12:23:00,12:23:00,4,0,0,
hartford,hartford:34020,34020,hartford:2,2,12:38:00,12:38:00,5,0,0,
hartford,hartford:34020,34020,hartford:1,1,12:46:00,12:46:00,6,0,0,
hartford,hartford:35020,35020,hartford:6,6,12:35:00,12:35:00,1,0,0,
hartford,hartford:35020,35020,hartford:7,7,12:50:00,12:50:00,2,0,0,
hartford,hartford:35020,35020,hartford:8,8,13:00:00,13:00:00,3,0,0,
hartford,hartford:35020,35020,hartford:9,9,13:20:00,13:20:00,4,0,0,
hartford,hartford:36010,36010,hartford:9,9,10:00:00,10:00:00,1,0,0,
hartford,hartford:36010,36010,hartford:8,8,10:21:00,10:21:00,2,0,0,
hartford,hartford:36010,36010,hartford:7,7,10:28:00,10:28:00,3,0,0,
hartford,hartford:36010,36010,hartford:6,6,10:39:00,10:39:00,4,0,0,
hartford,hartford:36010,36010,hartford:5,5,10:51:00,10:51:00,5,0,0,
hartford,hartford:36010,36010,hartford:4,4,11:00:00,11:00:00,6,0,0,
hartford,hartford:36010,36010,hartford:3,3,11:09:00,11:09:00,7,0,0,
hartford,hartford:36010,36010,hartford:2,2,11:25:00,11:25:00,8,0,0,
hartford,hartford:36010,36010,hartford:1,1,11:33:00,11:33:00,9,0,0,
hartford,hartford:37010,37010,hartford:1,1,10:05:00,10:05:00,1,0,0,
hartford,hartford:37010,37010,hartford:2,2,10:08:00,10:08:00,2,0,0,
hartford,hartford:37010,37010,hartford:3,3,10:23:00,10:23:00,3,0,0,
hartford,hartford:37010,37010,hartford:4,4,10:32:00,10:32:00,4,0,0,
hartford,hartford:37010,37010,hartford:5,5,10:41:00,10:41:00,5,0,0,
hartford,hartford:37010,37010,hartford:6,6,10:56:00,10:56:00,6,0,0,
hartford,hartford:37010,37010,hartford:7,7,11:04:00,11:04:00,7,0,0,
hartford,hartford:37010,37010,hartford:8,8,11:10:00,11:10:00,8,0,0,
hartford,hartford:37010,37010,hartford:9,9,11:38:00,11:38:00,9,0,0,
hartford,hartford:38010,38010,hartford:9,9,12:00:00,12:00:00,1,0,0,
hartford,hartford:38010,38010,hartford:8,8,12:22:00,12:22:00,2,0,0,
hartford,hartford:38010,38010,hartford:7,7,12:28:00,12:28:00,3,0,0,
hartford,hartford:38010,38010,hartford:6,6,12:39:00,12:39:00,4,0,0,
hartford,hartford:38010,38010,hartford:5,5,12:51:00,12:51:00,5,0,0,
hartford,hartford:38010,38010,hartford:4,4,13:00:00,13:00:00,6,0,0,
hartford,hartford:38010,38010,hartford:3,3,13:09:00,13:09:00,7,0,0,
hartford,hartford:38010,38010,hartford:2,2,13:25:00,13:25:00,8,0,0,
hartford,hartford:38010,38010,hartford:1,1,13:29:00,13:29:00,9,0,0,
hartford,hartford:39020,39020,hartford:6,6,17:51:00,17:51:00,1,0,0,
hartford,hartford:39020,39020,hartford:5,5,18:03:00,18:03:00,2,0,0,
hartford,hartford:39020,39020,hartford:4,4,18:12:00,18:12:00,3,0,0,
hartford,hartford:39020,39020,hartford:3,3,18:21:00,18:21:00,4,0,0,
hartford,hartford:39020,39020,hartford:2,2,18:37:00,18:37:00,5,0,0,
hartford,hartford:39020,39020,hartford:1,1,18:43:00,18:43:00,6,0,0,
